,DICE,JACRD,AUC,KAPPA,RNDIND,ADJRIND,ICCORR,VOLSMTY,MUTINF,HDRFDST,AVGDIST,bAVD,MAHLNBS,VARINFO,GCOERR,PROBDST,SNSVTY,SPCFTY,PRCISON,FMEASR,ACURCY,FALLOUT,TP,FP,TN,FN,REFVOL,SEGVOL
0,0.0018370496,0.0053304057,6.2182145e-05,0.001986805,7.885121e-05,0.0022702618,0.000942719,0.001092781,0.012071348,207.77971,3.9023972,15.687701,1.3027023e-05,0.0031855758,7.1627124e-05,1.10371e-07,0.00015076282,1.2529276e-05,0.004978107,0.0018370496,2.0235317e-05,1.2529291e-05,270680570000.0,3198750700.0,318903200000.0,912404160.0,301634850000.0,286363980000.0
