,DICE,JACRD,AUC,KAPPA,RNDIND,ADJRIND,ICCORR,VOLSMTY,MUTINF,HDRFDST,AVGDIST,bAVD,MAHLNBS,VARINFO,GCOERR,PROBDST,SNSVTY,SPCFTY,PRCISON,FMEASR,ACURCY,FALLOUT,TP,FP,TN,FN,REFVOL,SEGVOL
0,0.936139,0.88215077,0.973506,0.9325863,0.9867985,0.9256465,0.95669794,0.9823425,0.24468325,24.195354,1.1509349,2.144316,0.00977425,0.0956425,0.01283,0.0004745,0.9512675,0.99574524,0.92299294,0.936139,0.99334,0.00425475,849923.5,67191.0,15815553.0,44548.5,894471.75,917114.25
